{
  "AI-ENE": {
    "total_cases": 3,
    "successful_cases": 3,
    "success_rate": 1.0,
    "avg_inference_time": 2.4903230132111127,
    "std_inference_time": 0.36317744350942904,
    "min_inference_time": 2.096582900911318,
    "max_inference_time": 2.812190663132464
  }
}